data_hora_local,data_hora_utc,lista,status,total_anuncios,primeira_posicao,acima_total,acima_pagos,acima_outras_lojas,nossas_na_pagina,bloco_inicial
2026-10-08 09:32:32,2026-10-08T13:32:32.210Z,Implementos agrícolas,ok,20,10,9,0,9,11,11
2026-10-08 09:32:32,2026-10-08T13:32:32.210Z,Tratores,fora_da_pagina,20,,,,,0,
2026-10-08 15:24:30,2026-10-08T19:24:30.065Z,Implementos agrícolas,ok,20,3,2,0,2,18,18
2026-10-08 15:24:30,2026-10-08T19:24:30.065Z,Tratores,ok,20,8,7,2,5,13,13
2026-10-08 19:55:24,2026-10-08T23:55:24.949Z,Implementos agrícolas,fora_da_pagina,20,,,,,0,
2026-10-08 19:55:24,2026-10-08T23:55:24.949Z,Tratores,fora_da_pagina,20,,,,,0,
2026-10-09 01:59:51,2026-10-09T05:59:51.783Z,Implementos agrícolas,fora_da_pagina,20,,,,,0,
2026-10-09 01:59:51,2026-10-09T05:59:51.783Z,Tratores,fora_da_pagina,20,,,,,0,
2026-10-09 09:07:30,2026-10-09T13:07:30.227Z,Implementos agrícolas,ok,20,1,0,0,0,20,20
2026-10-09 09:07:30,2026-10-09T13:07:30.227Z,Tratores,ok,20,7,6,2,4,14,14
